{"cameraMode":{"drawMode":0,"name":"Shaded","section":"Shading Mode"},"sceneLighting":false,"audioPlay":false,"sceneViewState":{"showFog":true,"showMaterialUpdate":false,"showSkybox":true,"showFlares":true,"showImageEffects":true,"showParticleSystems":true},"in2DMode":false,"pivot":{"x":-0.9000000953674316,"y":10.050000190734864,"z":-0.19999980926513673},"rotation":{"x":0.7054948806762695,"y":-0.013820145279169083,"z":0.013762475922703743,"w":0.7084466814994812},"size":40.551414489746097,"orthographic":false}