{"cameraMode":{"drawMode":0,"name":"Shaded","section":"Shading Mode"},"sceneLighting":false,"audioPlay":false,"sceneViewState":{"showFog":true,"showMaterialUpdate":false,"showSkybox":true,"showFlares":true,"showImageEffects":true,"showParticleSystems":true},"in2DMode":false,"pivot":{"x":-0.11034482717514038,"y":0.5146192908287048,"z":-0.15688395500183106},"rotation":{"x":-0.3039909303188324,"y":0.3840067982673645,"z":-0.13553813099861146,"w":-0.861253559589386},"size":3.8762528896331789,"orthographic":true}