{"cameraMode":{"drawMode":0,"name":"Shaded","section":"Shading Mode"},"sceneLighting":true,"audioPlay":false,"sceneViewState":{"showFog":true,"showMaterialUpdate":false,"showSkybox":true,"showFlares":true,"showImageEffects":true,"showParticleSystems":true},"in2DMode":false,"pivot":{"x":10.926581382751465,"y":10.174270629882813,"z":94.63704681396485},"rotation":{"x":0.7054948806762695,"y":-0.013820145279169083,"z":0.013762475922703743,"w":0.7084466814994812},"size":40.55141830444336,"orthographic":false}