{"cameraMode":{"drawMode":0,"name":"Shaded","section":"Shading Mode"},"sceneLighting":true,"audioPlay":false,"sceneViewState":{"showFog":true,"showMaterialUpdate":false,"showSkybox":true,"showFlares":true,"showImageEffects":true,"showParticleSystems":true},"in2DMode":false,"pivot":{"x":605.9090576171875,"y":23.836986541748048,"z":118.63922119140625},"rotation":{"x":0.4505787789821625,"y":-0.22601865231990815,"z":0.11905501782894135,"w":0.8554064631462097},"size":41.0789909362793,"orthographic":true}