{"cameraMode":{"drawMode":0,"name":"Shaded","section":"Shading Mode"},"sceneLighting":false,"audioPlay":false,"sceneViewState":{"showFog":true,"showMaterialUpdate":false,"showSkybox":true,"showFlares":true,"showImageEffects":true,"showParticleSystems":true},"in2DMode":false,"pivot":{"x":603.7178955078125,"y":25.93671417236328,"z":122.93424987792969},"rotation":{"x":0.4505787789821625,"y":-0.22601865231990815,"z":0.11905501782894135,"w":0.8554064631462097},"size":17.788005828857423,"orthographic":true}