{"cameraMode":{"drawMode":0,"name":"Shaded","section":"Shading Mode"},"sceneLighting":false,"audioPlay":false,"sceneViewState":{"showFog":true,"showMaterialUpdate":false,"showSkybox":true,"showFlares":true,"showImageEffects":true,"showParticleSystems":true},"in2DMode":false,"pivot":{"x":0.00557100772857666,"y":0.48063868284225466,"z":0.12899130582809449},"rotation":{"x":-0.3039909303188324,"y":0.3840067982673645,"z":-0.13553813099861146,"w":-0.861253559589386},"size":2.7404778003692629,"orthographic":true}