{"cameraMode":{"drawMode":0,"name":"Shaded","section":"Shading Mode"},"sceneLighting":true,"audioPlay":false,"sceneViewState":{"showFog":true,"showMaterialUpdate":false,"showSkybox":true,"showFlares":true,"showImageEffects":true,"showParticleSystems":true},"in2DMode":false,"pivot":{"x":-0.0017409324645996094,"y":3.289257049560547,"z":-0.02975940704345703},"rotation":{"x":-0.054483264684677127,"y":0.9345923662185669,"z":-0.31109002232551577,"w":-0.16368182003498078},"size":13.422369956970215,"orthographic":false}