{"cameraMode":{"drawMode":0,"name":"Shaded","section":"Shading Mode"},"sceneLighting":false,"audioPlay":false,"sceneViewState":{"showFog":true,"showMaterialUpdate":false,"showSkybox":true,"showFlares":true,"showImageEffects":true,"showParticleSystems":true},"in2DMode":false,"pivot":{"x":589.4925537109375,"y":27.625011444091798,"z":121.26717376708985},"rotation":{"x":0.35366737842559817,"y":0.03896915540099144,"z":-0.014747843146324158,"w":0.9344428181648254},"size":34.13039779663086,"orthographic":false}