{"cameraMode":{"drawMode":0,"name":"Shaded","section":"Shading Mode"},"sceneLighting":false,"audioPlay":false,"sceneViewState":{"showFog":true,"showMaterialUpdate":false,"showSkybox":true,"showFlares":true,"showImageEffects":true,"showParticleSystems":true},"in2DMode":false,"pivot":{"x":607.9829711914063,"y":22.29599952697754,"z":119.53060913085938},"rotation":{"x":0.13875073194503785,"y":-0.09227555990219116,"z":0.012987098656594754,"w":0.9859334826469421},"size":46.644187927246097,"orthographic":false}