{"cameraMode":{"drawMode":0,"name":"Shaded","section":"Shading Mode"},"sceneLighting":false,"audioPlay":false,"sceneViewState":{"showFog":true,"showMaterialUpdate":false,"showSkybox":true,"showFlares":true,"showImageEffects":true,"showParticleSystems":true},"in2DMode":false,"pivot":{"x":37.484580993652347,"y":-5.319611549377441,"z":-5.570181369781494},"rotation":{"x":0.013346167281270028,"y":0.9745091795921326,"z":-0.21567898988723756,"w":0.06030235439538956},"size":27.361661911010743,"orthographic":false}