{"cameraMode":{"drawMode":0,"name":"Shaded","section":"Shading Mode"},"sceneLighting":true,"audioPlay":false,"sceneViewState":{"showFog":true,"showMaterialUpdate":false,"showSkybox":true,"showFlares":true,"showImageEffects":true,"showParticleSystems":true},"in2DMode":false,"pivot":{"x":0.09911131858825684,"y":0.05012989044189453,"z":-2.4401111602783205},"rotation":{"x":-0.2544543147087097,"y":0.3344694674015045,"z":-0.09430065751075745,"w":-0.9024913907051086},"size":40.10000228881836,"orthographic":true}