{"cameraMode":{"drawMode":0,"name":"Shaded","section":"Shading Mode"},"sceneLighting":false,"audioPlay":false,"sceneViewState":{"showFog":true,"showMaterialUpdate":false,"showSkybox":true,"showFlares":true,"showImageEffects":true,"showParticleSystems":true},"in2DMode":false,"pivot":{"x":631.216064453125,"y":20.17404556274414,"z":121.20818328857422},"rotation":{"x":-0.5252984166145325,"y":0.14843198657035829,"z":-0.09364617615938187,"w":-0.8326223492622376},"size":33.547607421875,"orthographic":false}