{"cameraMode":{"drawMode":0,"name":"Shaded","section":"Shading Mode"},"sceneLighting":true,"audioPlay":false,"sceneViewState":{"showFog":true,"showMaterialUpdate":false,"showSkybox":true,"showFlares":true,"showImageEffects":true,"showParticleSystems":true},"in2DMode":false,"pivot":{"x":0.028590917587280275,"y":3.289257049560547,"z":-0.04066944122314453},"rotation":{"x":-0.05401656776666641,"y":0.9348368644714356,"z":-0.31117141246795657,"w":-0.16227975487709046},"size":13.422369956970215,"orthographic":false}