{"cameraMode":{"drawMode":0,"name":"Shaded","section":"Shading Mode"},"sceneLighting":false,"audioPlay":false,"sceneViewState":{"showFog":true,"showMaterialUpdate":false,"showSkybox":true,"showFlares":true,"showImageEffects":true,"showParticleSystems":true},"in2DMode":false,"pivot":{"x":-1.544609546661377,"y":8.444061279296875,"z":-3.358642101287842},"rotation":{"x":0.4819183051586151,"y":0.5160971879959106,"z":-0.5311917662620544,"w":0.4682241678237915},"size":40.551414489746097,"orthographic":false}