{"cameraMode":{"drawMode":0,"name":"Shaded","section":"Shading Mode"},"sceneLighting":false,"audioPlay":false,"sceneViewState":{"showFog":true,"showMaterialUpdate":false,"showSkybox":true,"showFlares":true,"showImageEffects":true,"showParticleSystems":true},"in2DMode":false,"pivot":{"x":0.1545124053955078,"y":0.8033024072647095,"z":0.0030357837677001955},"rotation":{"x":-0.039660871028900149,"y":0.9575735330581665,"z":-0.1612308770418167,"w":-0.2355518490076065},"size":6.160863399505615,"orthographic":false}