{"cameraMode":{"drawMode":0,"name":"Shaded","section":"Shading Mode"},"sceneLighting":true,"audioPlay":false,"sceneViewState":{"showFog":true,"showMaterialUpdate":false,"showSkybox":true,"showFlares":true,"showImageEffects":true,"showParticleSystems":true},"in2DMode":false,"pivot":{"x":5.0,"y":5.050000190734863,"z":4.299999713897705},"rotation":{"x":0.3442448675632477,"y":-0.08124834299087525,"z":0.029910819604992868,"w":0.9348794221878052},"size":32.62928771972656,"orthographic":true}