{"cameraMode":{"drawMode":0,"name":"Shaded","section":"Shading Mode"},"sceneLighting":false,"audioPlay":false,"sceneViewState":{"showFog":true,"showMaterialUpdate":false,"showSkybox":true,"showFlares":true,"showImageEffects":true,"showParticleSystems":true},"in2DMode":false,"pivot":{"x":20.205738067626954,"y":8.654929161071778,"z":-24.418655395507814},"rotation":{"x":0.3442448675632477,"y":-0.08124834299087525,"z":0.029910819604992868,"w":0.9348794221878052},"size":11.552983283996582,"orthographic":true}