{"cameraMode":{"drawMode":0,"name":"Shaded","section":"Shading Mode"},"sceneLighting":false,"audioPlay":false,"sceneViewState":{"showFog":true,"showMaterialUpdate":false,"showSkybox":true,"showFlares":true,"showImageEffects":true,"showParticleSystems":true},"in2DMode":false,"pivot":{"x":-9.593199729919434,"y":0.4006747007369995,"z":7.149999618530273},"rotation":{"x":0.5579392313957214,"y":-0.0037334358785301449,"z":0.002517393324524164,"w":0.8298695683479309},"size":5.2190399169921879,"orthographic":true}