{"cameraMode":{"drawMode":0,"name":"Shaded","section":"Shading Mode"},"sceneLighting":false,"audioPlay":false,"sceneViewState":{"showFog":true,"showMaterialUpdate":false,"showSkybox":true,"showFlares":true,"showImageEffects":true,"showParticleSystems":true},"in2DMode":false,"pivot":{"x":0.0377202033996582,"y":6.094996452331543,"z":0.08467388153076172},"rotation":{"x":0.663682222366333,"y":0.02713739313185215,"z":-0.02411477640271187,"w":0.747133195400238},"size":27.75896644592285,"orthographic":true}