{"cameraMode":{"drawMode":0,"name":"Shaded","section":"Shading Mode"},"sceneLighting":true,"audioPlay":false,"sceneViewState":{"showFog":true,"showMaterialUpdate":false,"showSkybox":true,"showFlares":true,"showImageEffects":true,"showParticleSystems":true},"in2DMode":false,"pivot":{"x":9.920654296875,"y":3.0654296875,"z":-0.0283203125},"rotation":{"x":0.07134592533111572,"y":0.002989910077303648,"z":-0.00020780660270247608,"w":0.9974471926689148},"size":3.972513437271118,"orthographic":true}