{"cameraMode":{"drawMode":0,"name":"Shaded","section":"Shading Mode"},"sceneLighting":false,"audioPlay":false,"sceneViewState":{"showFog":true,"showMaterialUpdate":false,"showSkybox":true,"showFlares":true,"showImageEffects":true,"showParticleSystems":true},"in2DMode":false,"pivot":{"x":37.484580993652347,"y":-5.319611549377441,"z":-5.570181369781494},"rotation":{"x":0.3468117117881775,"y":-0.02643606998026371,"z":0.009772703982889653,"w":0.9375112056732178},"size":27.361661911010743,"orthographic":true}