{"cameraMode":{"drawMode":0,"name":"Shaded","section":"Shading Mode"},"sceneLighting":true,"audioPlay":false,"sceneViewState":{"showFog":true,"showMaterialUpdate":false,"showSkybox":true,"showFlares":true,"showImageEffects":true,"showParticleSystems":true},"in2DMode":false,"pivot":{"x":18.625782012939454,"y":2.57747483253479,"z":-0.04514390230178833},"rotation":{"x":0.2369929850101471,"y":-0.20337232947349549,"z":0.05080428719520569,"w":0.9486269354820252},"size":13.24960708618164,"orthographic":true}