{"cameraMode":{"drawMode":0,"name":"Shaded","section":"Shading Mode"},"sceneLighting":false,"audioPlay":false,"sceneViewState":{"showFog":true,"showMaterialUpdate":false,"showSkybox":true,"showFlares":true,"showImageEffects":true,"showParticleSystems":true},"in2DMode":false,"pivot":{"x":0.051990807056427,"y":0.7621270418167114,"z":-0.04958537220954895},"rotation":{"x":-0.039660871028900149,"y":0.9575735330581665,"z":-0.1612308770418167,"w":-0.2355518490076065},"size":4.535531044006348,"orthographic":false}