{"cameraMode":{"drawMode":0,"name":"Shaded","section":"Shading Mode"},"sceneLighting":false,"audioPlay":false,"sceneViewState":{"showFog":true,"showMaterialUpdate":false,"showSkybox":true,"showFlares":true,"showImageEffects":true,"showParticleSystems":true},"in2DMode":false,"pivot":{"x":-0.5533198118209839,"y":0.4006747007369995,"z":5.418850898742676},"rotation":{"x":0.3374119997024536,"y":0.31700435280799868,"z":-0.12182160466909409,"w":0.8779641389846802},"size":5.2190399169921879,"orthographic":true}