{"cameraMode":{"drawMode":0,"name":"Shaded","section":"Shading Mode"},"sceneLighting":false,"audioPlay":false,"sceneViewState":{"showFog":true,"showMaterialUpdate":false,"showSkybox":true,"showFlares":true,"showImageEffects":true,"showParticleSystems":true},"in2DMode":false,"pivot":{"x":28.566570281982423,"y":21.93265151977539,"z":92.5},"rotation":{"x":-0.01918327808380127,"y":-0.0011880104430019856,"z":-0.000026308374799555168,"w":0.9998153448104858},"size":347.8006591796875,"orthographic":true}