{"cameraMode":{"drawMode":0,"name":"Shaded","section":"Shading Mode"},"sceneLighting":true,"audioPlay":false,"sceneViewState":{"showFog":true,"showMaterialUpdate":false,"showSkybox":true,"showFlares":true,"showImageEffects":true,"showParticleSystems":true},"in2DMode":false,"pivot":{"x":875.9117431640625,"y":523.2664184570313,"z":-217.2734375},"rotation":{"x":0.1279791295528412,"y":0.03420606628060341,"z":-0.004412768874317408,"w":0.9911770224571228},"size":220.71124267578126,"orthographic":true}