{"cameraMode":{"drawMode":0,"name":"Shaded","section":"Shading Mode"},"sceneLighting":true,"audioPlay":false,"sceneViewState":{"showFog":true,"showMaterialUpdate":false,"showSkybox":true,"showFlares":true,"showImageEffects":true,"showParticleSystems":true},"in2DMode":false,"pivot":{"x":36.86962890625,"y":10.77197265625,"z":-5.2421875},"rotation":{"x":0.3468117117881775,"y":-0.02643606998026371,"z":0.009772703982889653,"w":0.9375112056732178},"size":40.66203308105469,"orthographic":true}