{"cameraMode":{"drawMode":0,"name":"Shaded","section":"Shading Mode"},"sceneLighting":true,"audioPlay":false,"sceneViewState":{"showFog":true,"showMaterialUpdate":false,"showSkybox":true,"showFlares":true,"showImageEffects":true,"showParticleSystems":true},"in2DMode":false,"pivot":{"x":16.35358428955078,"y":1.357421875,"z":7.979248046875},"rotation":{"x":-0.6869896650314331,"y":-0.02353161945939064,"z":0.022268924862146379,"w":-0.7259446382522583},"size":10.136202812194825,"orthographic":true}