{"cameraMode":{"drawMode":0,"name":"Shaded","section":"Shading Mode"},"sceneLighting":false,"audioPlay":false,"sceneViewState":{"showFog":true,"showMaterialUpdate":false,"showSkybox":true,"showFlares":true,"showImageEffects":true,"showParticleSystems":true},"in2DMode":false,"pivot":{"x":-1.2915643453598023,"y":3.1810715198516847,"z":1.1726113557815552},"rotation":{"x":0.7265526652336121,"y":0.05640704929828644,"z":-0.060073524713516238,"w":0.6821514964103699},"size":12.020740509033204,"orthographic":true}