{"cameraMode":{"drawMode":0,"name":"Shaded","section":"Shading Mode"},"sceneLighting":true,"audioPlay":false,"sceneViewState":{"showFog":true,"showMaterialUpdate":false,"showSkybox":true,"showFlares":true,"showImageEffects":true,"showParticleSystems":true},"in2DMode":false,"pivot":{"x":0.0377202033996582,"y":6.094996452331543,"z":0.08467388153076172},"rotation":{"x":0.18121172487735749,"y":-0.7637650370597839,"z":0.24281352758407594,"w":0.5699710249900818},"size":27.75896644592285,"orthographic":true}