{"cameraMode":{"drawMode":0,"name":"Shaded","section":"Shading Mode"},"sceneLighting":false,"audioPlay":false,"sceneViewState":{"showFog":true,"showMaterialUpdate":false,"showSkybox":true,"showFlares":true,"showImageEffects":true,"showParticleSystems":true},"in2DMode":false,"pivot":{"x":-6.482492446899414,"y":1.1665483713150025,"z":12.32107925415039},"rotation":{"x":0.21305474638938905,"y":-0.7594839930534363,"z":0.3023846447467804,"w":0.5351219177246094},"size":6.565097808837891,"orthographic":true}