{"cameraMode":{"drawMode":0,"name":"Shaded","section":"Shading Mode"},"sceneLighting":true,"audioPlay":false,"sceneViewState":{"showFog":true,"showMaterialUpdate":false,"showSkybox":true,"showFlares":true,"showImageEffects":true,"showParticleSystems":true},"in2DMode":false,"pivot":{"x":1013.5965576171875,"y":609.3765869140625,"z":-251.7109375},"rotation":{"x":0.2369929850101471,"y":-0.20337232947349549,"z":0.05080428719520569,"w":0.9486269354820252},"size":347.963623046875,"orthographic":true}